{
  "epoch": [
    1,
    2,
    3,
    4,
    5,
    6,
    7,
    8,
    9,
    10,
    11,
    12,
    13,
    14,
    15
  ],
  "loss": [
    0.2115980088710785,
    0.12338118255138397,
    0.11521431803703308,
    0.10697600245475769,
    0.10151392966508865,
    0.09696848690509796,
    0.09248492866754532,
    0.08946241438388824,
    0.08465017378330231,
    0.08135940134525299,
    0.08266142010688782,
    0.07934370636940002,
    0.07523348182439804,
    0.07649720460176468,
    0.07250551879405975
  ],
  "val_loss": [
    0.6190970540046692,
    0.8893505334854126,
    0.588039755821228,
    0.4687505066394806,
    0.12128593027591705,
    0.08044435828924179,
    0.06189019978046417,
    0.05689849331974983,
    0.05763350799679756,
    0.06446059793233871,
    0.06685689836740494,
    0.06133115291595459,
    0.05348825082182884,
    0.05428461357951164,
    0.053533900529146194
  ],
  "dice_coefficient": [
    0.82808518409729,
    0.9114806652069092,
    0.9195253252983093,
    0.9246259927749634,
    0.9278323650360107,
    0.9299103617668152,
    0.9346197247505188,
    0.9362833499908447,
    0.9391545057296753,
    0.9412906765937805,
    0.9401878118515015,
    0.9424104690551758,
    0.9458494782447815,
    0.9440705180168152,
    0.9472696185112
  ],
  "val_dice_coefficient": [
    0.43386146426200867,
    0.21316677331924438,
    0.4577881395816803,
    0.6086911559104919,
    0.9106137752532959,
    0.9443544149398804,
    0.9534018635749817,
    0.961122453212738,
    0.9622669219970703,
    0.9554126858711243,
    0.9554147720336914,
    0.9613214135169983,
    0.9683959484100342,
    0.9662631154060364,
    0.9695237278938293
  ],
  "mean_iou": [
    0.7243528962135315,
    0.8393698930740356,
    0.8533075451850891,
    0.8620713949203491,
    0.8668779730796814,
    0.8711588382720947,
    0.8785712122917175,
    0.8813822269439697,
    0.8862846493721008,
    0.8901131749153137,
    0.8884795308113098,
    0.8924585580825806,
    0.8982133865356445,
    0.8951672315597534,
    0.9007200598716736
  ],
  "val_mean_iou": [
    0.27713367342948914,
    0.12026762217283249,
    0.30428579449653625,
    0.44875505566596985,
    0.836894690990448,
    0.8948619365692139,
    0.9112880825996399,
    0.9254830479621887,
    0.9275491833686829,
    0.9149714112281799,
    0.9151298999786377,
    0.925776481628418,
    0.93902587890625,
    0.9349755644798279,
    0.941134512424469
  ]
}